{"schemaVersion":"1.0","appDefinitionTemplate":{"id":"/providers/Microsoft.PowerApps/apps/","type":"Microsoft.PowerApps/apps","tags":{"primaryDeviceWidth":"1366","primaryDeviceHeight":"768","supportsPortrait":"true","supportsLandscape":"true","primaryFormFactor":"Tablet","showStatusBar":"false","publisherVersion":"3.23091.14","minimumRequiredApiVersion":"2.2.0","hasComponent":"false","hasUnlockedComponent":"false","isUnifiedRootApp":"false","sienaVersion":"20230920T173508Z-3.23091.14.0"},"properties":{"appVersion":"2023-09-20T17:35:08Z","lifeCycleId":"Published","createdByClientVersion":{"major":3,"minor":23091,"build":14,"revision":0,"majorRevision":0,"minorRevision":0},"minClientVersion":{"major":3,"minor":23091,"build":14,"revision":0,"majorRevision":0,"minorRevision":0},"backgroundColor":"RGBA(0,176,240,1)","backgroundImageUri":"/8647015239528303421/Nc220d376-3ce6-43cb-8e1a-ae54b5e5ef88-logoSmallFile","displayName":"UniversityVisitors","description":"","commitMessage":"","appUris":{"documentUri":{"value":"/8647015239528303421/Na377f31b-1b99-409c-811a-bd1eccb61fed-document.msapp"},"imageUris":[],"additionalUris":[]},"createdTime":"0001-01-01T00:00:00Z","lastModifiedTime":"0001-01-01T00:00:00Z","sharedGroupsCount":0,"sharedUsersCount":0,"connectionReferences":{"9765817d-eb8b-4bd1-9fad-ada50e564d2a":{"id":"89dcbebb-2f73-4878-8116-63d231b6168d","displayName":"SharePoint","iconUri":"https://connectoricons-prod.azureedge.net/releases/v1.0.1654/1.0.1654.3414/sharepointonline/icon.png","dataSources":["UserList","VisitorListing","VisitorsOnPremisse"],"dependencies":[],"dependents":[],"parameterHints":{},"parameterHintsV2":{},"isOnPremiseConnection":false,"bypassConsent":false,"dataSets":{"https://alunosipca-my.sharepoint.com/personal/iefp205_alunos_ipca_pt":{"dataSources":{"UserList":{"tableName":"f69e715e-c384-42a7-a053-ad2fc8a90a0b"},"VisitorListing":{"tableName":"feeb3792-e43b-48aa-8b4b-ffc2e17f61e7"},"VisitorsOnPremisse":{"tableName":"88a49a21-39d5-44ee-9aa9-d0c1dd2f0ec6"}}}},"apiTier":"Standard","isCustomApiConnection":false,"actions":["providers/PowerPlatform.Governance/Operations/Read","providers/PowerPlatform.Governance/Operations/Write","providers/PowerPlatform.Governance/Operations/Delete"]},"e0b2a52f-b633-4938-9327-6e62a06ebbc7":{"id":"4ec61b7c-7f0f-440e-aec4-ec8488431d04","displayName":"Office 365 Outlook","iconUri":"https://connectoricons-prod.azureedge.net/u/laborbol/partial-builds/ase-v3/1.0.1653.3402/office365/icon.png","dataSources":["Office365Outlook"],"dependencies":[],"dependents":[],"parameterHints":{},"parameterHintsV2":{},"isOnPremiseConnection":false,"bypassConsent":false,"dataSets":{},"apiTier":"Standard","isCustomApiConnection":false}},"authorizationReferences":[{"resourceId":"powerbi"}],"databaseReferences":{},"almMode":"Environment","performanceOptimizationEnabled":true,"canConsumeAppPass":true,"enableModernRuntimeMode":false,"executionRestrictions":{"isTeamsOnly":false,"dataLossPreventionEvaluationResult":{"status":"Compliant","lastEvaluationDate":"2023-08-31T13:37:05.6647914Z","violations":[],"violationsByPolicy":[],"violationErrorMessage":"The app uses the following connectors: shared_sharepointonline."}}},"appType":"ClassicCanvasApp","appComponents":[]}}