{"name":"478abce4-efcf-4048-a3c3-1a416a555014","id":"/providers/Microsoft.Flow/flows/478abce4-efcf-4048-a3c3-1a416a555014","type":"Microsoft.Flow/flows","properties":{"apiId":"/providers/Microsoft.PowerApps/apis/shared_logicflows","displayName":"Button -> User email","definition":{"metadata":{"workflowEntityId":null,"processAdvisorMetadata":null,"flowChargedByPaygo":null,"flowclientsuspensionreason":"None","flowclientsuspensiontime":null,"flowclientsuspensionreasondetails":null,"creator":{"id":"cf9aef41-6a22-47c1-a6d1-f284272bd912","type":"User","tenantId":"92742eae-a119-43fb-a956-d7def744881a"},"provisioningMethod":"FromDefinition","failureAlertSubscription":true,"clientLastModifiedTime":"2023-10-18T10:01:44.424242Z"},"$schema":"https://schema.management.azure.com/providers/Microsoft.Logic/schemas/2016-06-01/workflowdefinition.json#","contentVersion":"1.0.0.0","parameters":{"$authentication":{"defaultValue":{},"type":"SecureObject"}},"triggers":{"manual":{"metadata":{"operationMetadataId":"67484e18-b685-4b69-a1e1-c814913198a9"},"type":"Request","kind":"Button","inputs":{"schema":{"type":"object","properties":{"key-button-date":{"title":"Date","type":"string","x-ms-dynamically-added":false},"location":{"type":"object","properties":{"fullAddress":{"title":"Full address","type":"string","x-ms-dynamically-added":false},"address":{"type":"object","properties":{"countryOrRegion":{"title":"Country/Region","type":"string","x-ms-dynamically-added":false},"city":{"title":"City","type":"string","x-ms-dynamically-added":false},"state":{"title":"State","type":"string","x-ms-dynamically-added":false},"street":{"title":"Street","type":"string","x-ms-dynamically-added":false},"postalCode":{"title":"Postal code","type":"string","x-ms-dynamically-added":false}},"required":["countryOrRegion","city","state","street","postalCode"]},"coordinates":{"type":"object","properties":{"latitude":{"title":"Latitude","type":"number","x-ms-dynamically-added":false},"longitude":{"title":"Longitude","type":"number","x-ms-dynamically-added":false}},"required":["latitude","longitude"]}},"required":["fullAddress","address","coordinates"]}},"required":["key-button-date","location"]},"headersSchema":{"x-ms-user-name-encoded":{"title":"User name","type":"string","format":"byte","x-ms-dynamically-added":false},"x-ms-user-email-encoded":{"title":"User email","type":"string","format":"byte","x-ms-dynamically-added":false},"x-ms-user-timestamp":{"title":"Timestamp","type":"string","x-ms-dynamically-added":false}}}}},"actions":{"UserName":{"runAfter":{},"metadata":{"operationMetadataId":"4e5b52aa-77df-489c-b996-995da1eebc7a"},"type":"Compose","inputs":"@triggerOutputs()['headers']['x-ms-user-name-encoded']"},"Compose":{"runAfter":{"UserName":["Succeeded"]},"metadata":{"operationMetadataId":"7ec518cd-dcd8-48d9-9d3c-84cf38d1576f"},"type":"Compose","inputs":"@concat('Bemvindo',outputs('UserName'),'.Ao nosso sistema!')"},"Compose_2":{"runAfter":{"Compose_4":["Succeeded"]},"metadata":{"operationMetadataId":"c514a8e3-9bf1-4b3b-9b63-d915cb0ff871"},"type":"Compose","inputs":"@formatDateTime(utcNow(), 'dd/MM/yyyy')"},"Compose_4":{"runAfter":{"Compose":["Succeeded"]},"metadata":{"operationMetadataId":"bbcbfeae-7117-4f39-8a9a-1c9d05bd6432"},"type":"Compose","inputs":"@utcNow()"}}},"connectionReferences":{},"flowFailureAlertSubscribed":false,"isManaged":false}}